{
    "providers": [
        {
            "type": "bitmap",
            "file": "minecraft:font/nan2uu.png",
            "height": 8,
            "ascent": 8,
            "chars": [
                "\uD83C\uDFA9\uD83D\uDC5E\uD83D\uDC56\uD83D\uDC80\uD83C\uDF1F\uD83D\uDD1D\uD83D\uDC62\uD83D\uDD17\uD83D\uDCA7\uD83D\uDC95\uD83D\uDCAA\uD83D\uDD0B\u2764\ud83d\udd25"
            ]
        },
        {
            "type": "bitmap",
            "file": "minecraft:font/nan2uu_x.png",
            "ascent": 7,
            "chars": [
                "\uD83D\uDEE1\uD83D\uDC89\uD83D\uDD31\ud83d\udde1\ud83c\udff9\ud83c\udfa3\u26cf\u23f3\u263d\u26e8\u2620\u2602\uD83D\uDCAD"
            ]
        },
        {
            "type": "bitmap",
            "file": "minecraft:font/nan2uu_d.png",
            "height": 7,
            "ascent": 7,
            "chars": [
                "\ud83c\udf40"
            ]
        },
        {
            "type": "bitmap",
            "file": "minecraft:font/nan2uu_sw.png",
            "height": 9,
            "ascent": 7.5,
            "chars": [
                "\ud83e\udd69\ud83e\udd53\ud83e\udd6b\ud83c\udf62\ud83c\udf61"
            ]
        },
        {
            "type": "bitmap",
            "file": "minecraft:font/end_chest_gui.png",
            "height": 71,
            "ascent": 13,
            "chars": [
                "\ud83d\udcd8"
            ]
        },
        {
            "type": "bitmap",
            "file": "minecraft:font/chest_gui.png",
            "height": 71,
            "ascent": 13,
            "chars": [
                "\ud83d\udcd9"
            ]
        },
        {
            "type": "bitmap",
            "file": "minecraft:font/large_chest_gui.png",
            "height": 125,
            "ascent": 13,
            "chars": [
                "\ud83d\udcd6"
            ]
        },
        {
            "type": "bitmap",
            "file": "minecraft:font/barrel_gui.png",
            "height": 71,
            "ascent": 13,
            "chars": [
                "\ud83d\udcd7"
            ]
        },
        {   
            "type":"bitmap",
            "file":"font/suojin.png",
            "height":-10,
            "ascent":-77777,
            "chars":[
                "\uf808"
            ]
        }
    ]    
}